Label,Text,Notes
Reaction,There’s no way Luka went for ad and a single first what,Luka trade
Reaction," fuck outta here. No way this can be real. No way you trade a top 5 player if you dont have to

ESPN just tweeted it. WTF. fire everyone in Dallas ",
Reaction, If this is real the Mavs need to be investigated because this is maybe the worst deal in NBA history ,
Reaction, This is legit the most shocking trade I have ever seen and I've been watching for over 30 years. Completely out of nowhere ,
Reaction,Did Shams snort some coke? What the actual fuck did I just read?,
Reaction,Theres no way this is real or else the Mavs are legit the stupidest franchise of all time,
Reaction," I WAS HERE

this might be the biggest highway robbery in sports history. ",
Reaction," Imagine joking to your friend that you'll give them your ham sandwich for $1,000 and they write you a check on the spot.

That's the level of mismatched return and stupidity we're on. ",
Reaction, Legit done as a Mavs fan. This is the dumbest trade of all time! Completely unforgivable ,
Reaction,"The Spurs are so fucking bad at closing out games, holy shit dude.",Knicks vs Spurs
Reaction,Brunson is going to be an actual god in new York.,
Reaction,"Just wanted to say fuck you, James Dolan",
Reaction,NYC GONNA BURN DOWN,
Reaction,Insane chokejob all series long by San Antonio,
Reaction," FUCK THEM PICKS

THE POWER OF FRIENDSHIP PREVAILS ",
Reaction," Not a Knicks fan, but I'm getting emotional for the team.

From Bridges losing in 2021 to KAT getting traded from the Wolves.

Of course Brunson, taking the HUGE paycut, to many people calling him good but ""not good enough"". To people saying the paycut was dumb since the Knicks would never win.

And he proved them all wrong.

All the sacrifices, were worth it. ",
Reaction, Fox is an NBA championnnn ,
Reaction, Is there any owner more unlikable than Dolan? ,
Reaction," Brother, same. I was crying while ordering an NBA champs hoodie and it hit me that it actually happened after all of these years of just assuming the Knicks would let me down year after year. ",
Reaction,"Landry Shamet is an NBA Champion, WOOOOOOOOOOOOO",
Reaction,WTF... the Jazz got more for Rudy Gobert!!!,
Reaction,WHAT THE FUCK,
Reaction,If this is true I believe I am done with this franchise.,
Reaction," All time dumbest trades. Got crumbs for a generational player that just made it to the finals.

I literally will not watch the Mavericks anymore if this shit is real. Won't go to games, Won't buy merch. Nothing. Done with the franchise. ",
Reaction," We just made the finals with this core last year why tf are trading Luka for AD. Genuinely can’t believe this, am stunned ",
Reaction,Well we had a fun league. See you in 5 years.,
Reaction,Hahahaha RIP any semblance of parity in the entire NBA,
Reaction,Just when i thought the warriors bandwagon was finally killed. Fuck everything,
Reaction,KD is a little bitch,
Reaction,Fuck KD,
Reaction,That's something you'd see out of a movie,
Reaction,"I'm blown away he had enough time to sit and admire the shot before it went in, but after it first hit the rim.",
Reaction,THE KING OF THE NORTH!,
Reaction,Fuck. I hate being a sixers fan sometimes. Good luck Toronto :(,
Reaction," First I was sure he missed, then I just held my breath, then I screamed when it went in, and I'm not even a fan of either team. Insane moment! ",
Reaction,nba 2k19 cheese,
Reaction,That is the craziest possible ending to the best game I've ever seen.,
Reaction," I’m watching this over and over, watching one person in the crowd react every time.

Hasn’t gotten old yet. ",
Reaction,My butthole palpitated like crazy before that shot went it.,
Reaction,Max Kellerman about to look like a genius,
Reaction,I have a piece of that net in my office ;). Amazing year,
Reaction,Ok that's actually fucking sick if Jimmy did that. Childish yes but also incredible,
Reaction,I’d be sad if this weren’t so goddamn hilarious,
Reaction," Yoo Jimmy tweakin

Deport him out of the country, that'll show him ",
Reaction,That’s actually incredible,
Reaction,PRAY FOR NYC,
Reaction,"I never thought I'd see that day to see a thread like this. :,)",
Reaction," NEW YORK KNICKS NUMBER ONE BABY

NAME THE BEST TEAM IN THE NBA

NAME THE DEFENDING NBA CHAMPIONS

THE NEW YORK KNICKS ",
Reaction,NYC gonna be turned to ashes tomorrow morning,
Reaction,YO FUCK THEM PICKS lol,
Reaction,"I'm seriously fucking freaking out right now. I stared at my phone in utter disbelief for a full five minutes trying to figure out why anyone would post such an obvious lie. If this is true, I'm done with the Dallas Mavericks. Over 20 years down the drain.",
Reaction,"A full hour later and I still can’t. This move it so heartbreaking that honestly, if by some shock deus ex machina the Mavs win a championship this year I’m still out. Not worth it, trading the heart of the franchise for no return value, even if his knees disintegrate in 2 years.",
Reaction,"welp, thats it for me. After all these fucking years, we finally got a championship squad and gone just for that. fuck this franchise",
Reaction," I have been a Mavs fan since I found the game of basketball at 13. I bled blue and green during the decade of the 90’s, when the Mavericks had the worst decade a professional sports franchise has ever had.

This trade is fucking awful, makes no sense, makes our team worse and I am done with the Mavs and probably the NBA for good. It was hard to continue to be a Mavs fan after the Adelson’s bought the team, but this makes it so much easier.

Still love Dirk, but the Mavs are dead to me, FOREVER. ",
Reaction,Time to January 6th the AAC,
Reaction,Need proof chat. Wtf. I literally just dropped to my knees at target. THERE HAS TO BE NO FKN WAY!!,
Reaction,"At 6’6” I take pride in being the tallest FedEx driver in Tennessee, now Dillon Brooks is gonna take my fucking spot this summer.",
Reaction,The camera in the third that just kept zooming in on Dillion brooks looking sad af was truly golden,
Reaction,LeBear: poked,
Reaction,What a pleasure to watch the Grizzlies just get absolutely butt fucked,
Reaction, Bron should get Kyrie to sit courtside and smile at DLo every single game. ,
Reaction,"LeBron said its past my bedtime, I'm outta here",
Reaction, Dillion Brooks asked for 40 ,
Reaction," Imagine working so hard for the 2nd seed..

Just to get son'd by the Lakers. ",
Reaction,dillon brooks a bum,
Reaction,GRIDDY YOUR WAY TO CANCUN,
Reaction,"FUCK YOU BROOKS!!!
DLO ICE IN HIS VEINS!",
Analysis," Yesterday was Chuck's 63rd birthday, so I wanted to point out how bonkers good Barkley was during the four-year stretch from '90-93 since it often gets overlooked.

In '90, he received the most 1st place MVP votes while finishing second in the MVP race, and he was named the Sporting News MVP. The Sixers finished near or above several Eastern contenders despite having a much worse supporting cast than those teams.

In '91, Barkley was easily the best player in the ASG, recording 17 points and 22 rebounds, resulting in being named the game's MVP.

In '92, Barkley was the break-out star on the Dream Team and led the Olympic squad in ppg, FG%, and 3FG% (18, .711, .875); it became overwhelmingly obvious that summer how much that the inept Sixers supporting cast had been holding him back.

In '93, he joined a consistently very good Suns team and made them great (+9 wins), winning the MVP and getting Phoenix to Game 6 of the Finals in a tight series (Chicago's four wins were by 8, 3, 6, and 1 points, and the teams had an even point-differential for the series). Barkley badly injured his elbow in Game 2 of the Finals, and the Suns lost starter Cedric Ceballos (#1 FG% in the NBA that season) in the previous series, so a slightly healthier Suns coulda/shoulda won that title. ",
Analysis,"From 1987 through 1992 he shot around 62% on 2s despite playing in a era with a lot of quality big men, which is absolutely nuts. His main problem was that he also shot 23% on threes and still hoisted a couple of them per game for some reason. Especially crazy in that era when it was way less acceptable to launch threes for most guys.",
Analysis," Barkley really gets hurt by the “Rings over everything ” mentality we have today. Barkley was a truly elite player who had the misfortune of being in the wrong place at the wrong time almost his entire career.

He gets drafted to a team full of Hall of Famers, works his ass off to get minutes, but the team crumbles around him due to age (Dr. J and Bobby Jones were on their way out), horrible trades (could have drafted Brad Daugherty and had a 4-5 combo of him and Barkley, traded the pick for Roy Hinson. The same day they traded Moses Malone for the husk of Jeff Ruland and a bunch of JAGs), and injuries (Barkley’s number 2 option should have been Andrew Toney during the time period you’re talking about, but injuries).

Then he’s traded to the Suns and by sheer force of will takes a pretty good, but not incredible team to the finals past several better teams and just can’t will them to win over Jordan. They lose 4-3 to the eventual champions in the next two years, then the wheels fall off in year 4 in Phoenix. He goes to Houston, they lose in the WCF in year one before Barkley and Hakeem begin their decline. Just horrible luck all around.

Barkley is a top 5 PF in league history and really only rings keep him out of that top 1-3 for me. He accomplished pretty much everything else you can accomplish in the NBA. ",
Analysis," You can make an argument that Barkley was legitimately 2nd best player in the world from 1987-1993 (6 year period).

From the 1987-88 NBA season through 1992-93, Barkley was:

2nd in Total Win Shares (Jordan 1st)
2nd in WS/48 (Jordan 1st)
3rd in VORP (Jordan 1st, Stockton 2nd)
3rd in BPM (Jordan 1st, Stockton 2nd)
2nd in PER (Jordan 1st)
1st in TS% (Reggie Miller 2nd)

(Minimum 390 games and 11,700 minutes/30 minutes per game over the 6 year period)

1992 Olympic performance
1993 MVP
5 All-NBA 1st Team selections in 6 years

Averaged 25.0/11.2/3.9/1.6/0.8 and 9.3 FTA per 75 possessions, averaged 38.6mpg

Even if you stretch the span to a decade (1986-87 through 1995-96), Barkley doesn't really dip that much. ",
Analysis," With 12 assists against the Jazz tonight, Jokic has officially clinched a triple double average for the season.

He is having a phenomenal season, averaging 28/13/11 on 67 TS%. He will likely also be the first player in NBA history to lead the league in assists per game and rebounds per game.

Jokic may also finish the season as the most efficient 20 point per game scorer. An excellent season by him.

Jokic (2x), Oscar Robertson (1x), and Russell Westbrook (4x) are the only players to average a triple double for a full season. ",
Analysis," Bam was just destroying the Wizards on his own tbh. Didn’t have an assist until like the 4th qtr. Those young bucks literally couldn’t guard him 1 on 1, they just kept hacking him or he scored on them.

Like 5 minutes into the 4th qtr, some bs started happening with them triple teaming Bam in the backcourt, Heat obviously force feeding Bam at all costs, Spoelstra challenging an obvious Charge to try and get Bam more FT or a rest, Wizards intentionally fouling anyone else that touches the ball to stop Bam from scoring more, etc.

But that’s what happened with Wilt’s 100, and most people don’t care about that. Bam was just crazy tonight ",
Analysis," It's impressive because it's Bam (not known for being an elite scorer) but just remember it was against the Wizards and a bit of stat padding.

There are some players who I'm sure could've hit 80 had their coaches just left them in the game to stuff the score sheet.

Examples:

- Curry in 2021 when he dropped 62 points in 36 minutes against the Blazers.
- Klay in 2016 when he dropped 60 points in 29 minutes against the Pacers.

SGA, KD, Jokic, Ant, Luka probably could drop an 80 if you just told them to chuck away against the Wizards and you gave them 2-3 games to do it, but they're much better scorers than Bam. ",
Analysis," from the statline it feels like both: bam was on fire and the defense couldn’t adjust
43 free throws usually means they kept switching smaller guys onto him and just hacked once he got deep position
also 22 threes is crazy for bam, sounds like they were giving him space early and it turned into a rhythm ",
Analysis," So this whole post was inspired by the Thinking Basketball video on the NBA's YouTube channel regarding the defense of the '04 pistons, particularly during the finals against the Lakers...and I feel like I'm actually insane. Like somehow my YouTube got a different version of the video than everyone else's.

The more I watched the more I realize that Detroit had such a great defense because they were executing what are considered basic defensive actions today. Switching, pre-rotating, sagging off bad shooters, trapping PnRs, doubling and rotating, big men coming up to the level of the screen ECT. These actions happen hundreds of times in today's NBA, and modern players get lampooned when they don't execute them properly. Yet the world famous, historical Kobe-Shaq Lakers couldn't handle it.

First of all, there was no spacing. It was hilarious to watch the Pistons sag off the perimeter players so much that they were essentially executing a box-and-one for most possessions. Gary Payton passed on multiple open threes, and like lazily passed on them too. He just kept the ball moving seemingly without intent or urgency, which gave Detroit plenty of time to rotate. There were multiple examples of Lakers defenders, including Kobe (who was all-defense first team that year) getting beat badly off the dribble on the perimeter by Chauncey, Rip and even Tayshaun. Oh and there was barely any help behind them. Sometimes the defenders in the paint would take a step in and think about contesting the shot, but usually they just got open layups...in game three of the finals.

Shaq was an absolute joke defending the PnR. It almost looked like he already knew he couldn't defend in space so he didn't even bother trying. This is the Shaq that gets paid millions of dollars to talk about rangz™ and shit on modern players on TV? Correct me if I'm wrong but Chauncey isn't some once in a generation athlete, and all he needed was one screen to make Shaq look like me at the Y.

I think the Monty Williams Pistons had a more complex offensive system than the Lakers in the video I watched. Seriously, the would take ten seconds to execute one simple play and if that didn't work they gave the ball to Shaq or Kobe and stood around for the rest of the possession. The sheer lack of movement and intensity was astonishing. No wonder players got injured so much less back then, they spent half the game not moving.

There was one play where number 3 on the Lakers (Devin George? I don't care) passed to Karl in the post from the corner then immediately cuts to the rim. Karl passes him the ball back, and George went in for the layup. The problem was he drove directly into Rasheed Wallace who, having just been guarding Karl in the post, needed to literally take one step over to block the shot. ",
Analysis," I recently watched the 4th quarter of the Lakers-Mavs game from early 2000s on YouTube, where the Lakers make a historic comeback. I was also struck by how overwhelming the sentiment in the comments was about how that was the best and most entertaining era of basketball.

My sense is that while it's objectively true the game is more skilled and complex, I think it has crossed some threshold to where that skill and complexity has genuinely made the sport less entertaining and harder to follow for the average viewer. Stuff like big man post-ups are in contrast an easy to follow one-on-one battle that involves a matchup of strength and footwork.

From the actual game I think the thing that most stood out to me more than anything that was happening on the court was how engaged the crowd seemed to be despite the home team being down big because this was pre-smartphones. ",
Analysis," This is a very interesting discussion to have and you're right on some levels, but you're also missing some context. There's a reason that 04 Lakers team lost the Finals. That wasn't the vaunted legendary Lakers team you're thinking of, that everybody celebrates.

The 04 team was already a far cry from the all time great 2000 to 2002 team that won a 3peat. There were many issues, and some of these may or may not sound just like excuses to you:

    It was a team that was past its prime as a unit. It didn't have the same chemistry because half of its players were new to the team and weren't the same ones from the 3peat.

    Karl Malone and Gary Payton, who were great in the 90s, were old and washed up by 04, plus they were newly added to the team that year as a desperation move to try and bounce back after not making the Finals the previous season.

    Shaq and Kobe famously were feuding with each other and went their seperate ways right after.

Multiple times u mentioned Shaq and Malone's slowness and inability to defend in space. Shaq was close to 400 pounds by then so of course he wasn't quick or agile on defense, like you very much noticed. Karl Malone was pretty heavy himself, plus he was 41 years old by then, so way past his athletic prime (he used to average like 30+ in the 97 and 98 Finals) and he barely scored at all in this series.

When there's no chemistry or cohesion, it's hard to play team defense or get guys to really commit to playing the right way, plus there was no hunger for a championship anymore for most of those guys who had been there and done that already. They all probably just wanted to get it over with, although that's not a valid excuse for half passing your way through the NBA Finals.

So the team u saw wasn't the world beating team that blew through the league a few seasons prior and I hope these things might explain some of the deficiencies you saw. I'm sure there's more to it too that others can add. There's probably other things I could say too, but its the morning for me and I gotta get ready to go to work. Probably shouldn't have spent so much time on this just now lol. ",
Analysis," That era is known as the dead ball era for a reason. Yes, for today’s NBA the defense wouldn’t hold up, but for that time it was revolutionary. That Pistons style defense completely changed the league for the better. Without it we’d still be watching guys who shouldn’t be ISO’ing doing it 100 times a game anyway. The game was unsophisticated because it didn’t have to be complex to work until the rule changes. Once the ISO era offenses got beat to death, we started slowly moving towards what we have now. So yeah, the game is way better now but specifically because it was so bad from 2000-2009. I’m glad you have fought through the brainwashing ",
Analysis," This is the evolution that people just can’t comprehend. What was elite 20 years ago is just Basketball 101 now.

I don’t understand how anyone who actually goes back and watches these old games can get on a keyboard and say they were playing “real defense”.

4 guys standing in the paint while the 5th guy guards the only competent scorer on the other team, is not defense. Clobbering people because you can’t stop them is not defense. That’s pickup basketball defense. With all due disrespect, I can’t take anyone serious who still has the past on a pedestal. They’re simply not watching games, and never have.

Using your Pistons example: this team is widely considered to be the best defensive squad ever assembled, and all they really did was just use common sense and play the same defense every team plays today. There’s nothing they did that was groundbreaking or hard to pull off, it’s just common sense.

They say players today have no IQ, and it’s the most ignorant statement that can come out of someone’s mouth. The game has been broken down to a science. I don’t love everything about the modern game, I think 90% of the analytic crap is garbage, but teams have turned basketball into a math problem, and the teams that are really good at using numbers and common sense, they’re thriving. ",
Analysis,"Giannis Antetokounmpo (Milwaukee Bucks)

Stats: 28.1/11/5.9 with 56.9/30.3/68.5 splits and 63.3%TS

Team Performance: 46-26, 3rd seed in the East, NBA Champions 4-2 over Phoenix

Wow. All I can say is wow. What Giannis Antetokounmpo did this year was nothing short of remarkable. Giannis had yet another great regular season, but what really makes this year special for him is the playoff run. After the Bucks suffered a disappointing 4-2 loss to the Heat in the bubble last year, they managed to rise above and crush their demons against Miami in a 4-0 first round win. Then up against the Brooklyn Nets, the heavy title favourites, Giannis outduelled the great Kevin Durant, averaging 32 points in the series including 40 in Game 7 to close it out. After suffering a gruesome looking injury in Game 4 of the Eastern Conference Finals vs the Atlanta Hawks, many feared that he would not see the floor again this year. But this was the furthest from the truth. Giannis missed the last 2 games of the Hawks series, but had one of the greatest finals performances in history against the Phoenix Suns. He averaged 35 points on 62% from the field, including 2 40-point games and a remarkable 50-performance in Game 6 to close out the series and clinch the NBA Championship.

After years of being labelled a playoff choker, Giannis flipped that narrative on his head. Now he has one of the greatest resumes for a 26-year-old ever. The sky is the limit for how great he can be.

He does everything. He is the most dominant paint scorer since Shaquille O’Neale and he’s one of the best defenders in the NBA. He just dictates every game he plays in.

This signifies the beginning of Giannis’ reign over the NBA. We’ll see how long his position at #1 lasts, but for now Giannis Antetokounmpo, the kid from Greece, is the best player in the world. One thing’s for certain, it will be a pleasure to watch the rest of his career play out. ",
Analysis," Because he doesn't have that quality in his game that makes him truly transcendental.

He's a very good 3 point shooter with good volume, but he is neither a 40% 3 point shooter like KD or a long range 3 point shooter like Damian. He obviously isn't Steph Curry.

His mid range is actually just shy below average, shooting sub 40%. His contemporaries like Mitchell, Booker, Kawhi, KD, Doncic, etc, are shooting well over 40, mid 40's to even 50's. This can heavily impact how good a player is in the half court. His isolation numbers are good, but largely carried by a willingness to shoot many 3s, and jacking up 3s in isolation don't make for a kind of offense that draws double teams or makes more available opportunities for teammates.

He also only attacks the rim at an average clip, and while he finishes quite well at the basket, it's not as good as his contemporaries or he's attacking the rim at less volume.

Not a top tier 3 point shooter. Average to below average mid range shooter. Doesn't generate enough attempts in the paint to offset poor efficiency in the mid range.

A 0.604 TS is good now, but compared to the best players in the world now, isn't quite there. (Luka 0.617 on much higher volume, difficulty, and defensive attention, Shae 0.636, Jokic 0.65, Giannis 0.649, Kawhi 0.626).

Ultimately, Tatum just isn't the same elite scorer nor is he a good enough playmaker to offset that lesser efficiency. He has all the tools to be a superstar MVP lvl talent, but he's just under that tier. ",
Analysis, Chet Holmgren had 0 attempts in the 2nd half and got benched at the end of Game 7 with the Thunder within striking distance ,
Analysis," Dallas new owners only care about making maximum profit. They don’t give one shit about winning. In fact they don’t mind pissing off the entire fanbase in order to move the team to Vegas.

The Dallas owners are literally scum. Research them.

They don’t want to pay Luka $350 million and get stuck over the 2nd apron. They don’t want to pay massive luxury tax.

I would not be surprised if Adam Silver brokered this deal. He needs the Lakers to be a contender to juice up ratings. Maybe he promised Dallas owners some juicy incentives.

One possible incentive is Silver fast tracking the move to Vegas. The Mavs owners ultimately want to move the team to Vegas next to their casinos and hotels. They would invest tens of BILLIONS to build a basketball/gambling mecca on several city blocks in Vegas.

That is the only explanation. This was not a basketball trade. This was about money

And why didn’t the Mavs make it public that Luka was available? There would have been an absolute bidding war between multiple teams. Mavs could have gotten so much more. Instead they secretly made an offer with only 1 team. This makes absolutely zero logical sense.

The only logical explanation is Silver would return the favor to the Mavs ownership in the future. If Luka was publicly on the trading block then massive trade offers would come in. If the Mavs rejected those superior offers, then it would be public knowledge that this deal is dirty. Instead they kept this trade secret so now the public can only speculate what other teams would offer for Luka. ",
Analysis," People think Westbrook has a similar style of play to LeBron and would play the best with 5-out basketball. This is wrong. He is not the floor raiser like LeBron.

LeBron plays largely as the first scoring option and lets the defense react to his scoring to setup open teammates to spot-up in 5-out basketball. No one does it better than him. This is awesome when you are Danny Green, Josh Hart, Mike Miller, Ray Allen, and etc. where they are purely 3 and D, well some played D.

LeBron as the first scoring option is ideal since he is the most efficient scorer. He makes the defense double and wants 5-out basketball to get open 3s. He doesn't care who shoots the 3 either. He's not focused at all on getting the best scorers more shot attempts.

This is the exact anti-thesis of Westbrook-style basketball. He's not the best floor raiser. Probably since his 4th season in NBA, he's been trained to feed the machine like Kevin Durant. He strictly focuses on ensuring plays are run so these guys can get up the maximum shot attempts. He wants the best scorer to get the first looks at scoring and should get the most efficient shot, while Westbrook would take the second/third looks with a less efficient shot.

That's why it's obvious that Westbrook has lower efficiency, especially against LeBron. He's not mainly trying to get shots up as first option and make defense react. His goal is to make sure the best scorers get their shots up.

    Here's Gilbert Arenas on Westbrook: According to Arenas, Beal said Westbrook stopped practice and told his teammates, ""Hold on. Hold on. Give me the ball... Y'all know who the f--k that is? Bradley motherf--king Beal right there. All-Star. All-NBA player. Y'all went up seven times, he didn't get the ball. Who the f--k do y'all think y'all are? That's Bradley fu--ing Beal right there. He's supposed to get the ball all seven times... [Beal] said no one has ever said that sh-t, man.""

Clipper fans understand now the impact of Westbrook. He manages the game to get the best scorers the most shots.

    Paul George puts up 27+ PPG with Westbrook and has MVP seasons. Without Westbrook, he wasn't even in the conversation

    KD was putting up 32 PPG and 30+ PPG easily with Westbrook. After leaving Westbrook, he scores less and tries to ""fit in"" with Warriors basketball.

    Bradley Beal puts up a career year with Westbrook and almost won scoring champion.

    James Harden still put up 34 PPG with Westbrook, while Westbrook was able to put up 27 PPG efficiently. It was a different offense, but he still focused on getting James his shots.",
Analysis," Clippers shoot 5% EFG better with Westbrook on than off. Mann on team shoots 1% worse, Reggie on shot/off was the same, Wall on team shoots 2% worse. Westbrook on-court offensive rating is 120 and off is 114. Former MVP has delivered when on the court. ",
Analysis," People seeing Westbrook struggle playing with Lonnie Walker and the bench mob. I mean why wouldn't he struggle?

http://www.pbpstats.com/wowy-combos/nba?TeamId=1610612747&Season=2022-23&SeasonType=Regular%2BSeason&PlayerIds=2544,201566

One thing is clear though, he elevates LeBron when they played together.

People say Westbrook plays no defense. Go look at his Synergy tracking stats by playtype. Don't give me the defensive rating when he plays with the bench mob and no AD.

Westbrook and LeBron playing together won games. +7 net rating. Near top of the league in offensive rating at 119.

When Westbrook was off, LeBron struggled. That's when the team lost the games. And that is why LeBron knew they couldn't win with Westbrook. They had no depth beyond Westbrook.

If LeBron and Westbrook could play 48 minutes, they would've stayed together. But they can't. They are both over 34. It ain't happening in the playoffs.

All the Clippers need is the same Westbrook to elevate the high volume scorers like PG and Kawhi. It will happen. Don't let these highlights fool you. Jimmy Butler missed a bunny last game and y'all don't put him on blast. ",
Analysis," So far, my view of Eric Gordon is that the FO traded for him and promised him minutes. So there will be some pain this year. I wonder if it is playing on the Rockets that made him so lazy also with all that losing.

Can Eric Gordon do this?

    Westbrook plays help defense and steals the ball while falling on the floor

    Westbrook rebounds over Michael Porter Jr

    Westbrook deflects Jokic's pass for a steal and then assists to Morris for a dunk

    Westbrook as a guard fronts Jokic and tips the pass... even Paul George struggled to front

Gordon is just lazy on defense and does not care to rebound. He is the opposite of Westbrook.

    Gordon just stands there while his man Murray goes for the offensive rebound. Seriously? He should've been benched after this play.

    Lazy Gordon was the helper on Aaron Gordon. He just doesn't even jump or do anything, and he let's Aaron Gordon slam it. This is some albatross. Lazy Gordon just so lazy.

    Just look at how Lazy Gordon is standing... is he playing Cornerback while Murray is a WR? It's completely the wrong stance. You are supposed to prevent Murray from using the pick. So you force him right. He's like standing like a Cornerback on defense and dies on the Jokic screen.

    On this play, offensive rebound was given up. Eric Gordon could've helped. But even just his defensive stance is lazy. When Murray passes it, Lazy Gordon should've been shading right so he can get a deflection... he's lazy bro.

    Lazy Gordon applies 0 ball pressure on the ball handler. Just watch Schroder/Pat Bev and even Westbrook matchup ball handlers. Lazy Gordon just chilling and letting Murray make clean passes.I'm just not used to this laziness if Lue put him in for defense.

Anyway, game was pretty much over down 7. You need miracle plays to make a comeback. Eric Lazy Gordon won't bring any miracles. They should've put back in Westbrook and tell him to make hero/miracle plays to try to make a comeback. He already had 5 steals this game. So you never know if he can make some miracle steals for easy buckets.

This team is making me sick right now though. Don't get me on Marcus Morris playing over RoCo right now. RoCo gets 6 deflections per 36, while Morris is a cone. ",
Analysis," Westbrook is Top 9 in 3FG % at 43.6% with 3PA > 80 (Westbrook at 101 attempts) and Wide Open. His ranking is higher than Derrick White, Lamelo, Trey Murphy, Naz Reid, etc. Call him Wetbrook - his shot is Wet this year. ",
Analysis," Michael Jordan intentionally missed two free throws in game 4 of the 96 ECF to finish with 45 point in a sweep of Shaq's Magic. The Magic eliminated the Bulls in the previous year's playoffs and said 45 ain't 23.  Michael wore 45 in 1995 and returned to 23 for the 1995-1996 season. The Bulls would set an NBA record for wins by going 72-10. In a rematch with Orlando, the Bulls would sweep them and Jordan would finish the deciding game with 45 points. Nick Anderson and Dennis Scott confirmed tha Michael intentionally missed two free throws in the closing seconds and pointed to the scoreboard where 45 points was displayed next to his name. He wanted to remind them that #45 was gone and #23 was back. ",
Analysis," Chris Paul is on 4 different NBA franchises all time best wins record year.  Since I fucked up my last post, I found a really interesting stat. CP3 is on 4 different NBA franchises teams best all time wins record as either the first or second option.

2008 Hornets: 56-26

2014 Clippers: 57-25

2018 Rockets: 65-17

2022 Suns: 64-18

Chris Paul was 22, 28, 32, and 36 years of age for each of these respective years. And he led the league in assists for 3 out of those 4 years. Now yes, each of these teams lost in the 2nd round except for the 2018 year.

But I’d say he’s the best floor raiser in nba history. ",
Analysis,"CP3 is interesting because his playoff numbers are actually really good. It is just that in the clutch he would do some really dumb stuff trying to be smart. But, some of this is kinda not his fault, a significant number of his worst clutch turnovers were just plays when he got fouled and the refs didn't call it. Still, there are plenty of times he blew it, like when he tried to foul bait a half court 3 point foul when up vs the thunder and Westbrook just stole the ball clean.",
Analysis," This guy is one of the best point guards to ever play will never ever deny that, but also deserves to be clowned on for his behavior on multiple different teams. at one point its you man

part of being an elite leader is being diplomatic and finding a way to balance individual talent and your teammates. you cant control 14 teammates the coaches and the offices, thats just being a disruptive control freak ",
Analysis," His ts% and 3pt % are very subpar for a volume scorer. Increased usage increased his stats but his turnovers grew and his shit got less efficient.

Also most on/off stats showed this year that the team was better when he was off the floor.

Now, those are the main concerning advanced stats. I personally think on/off can be very flawed, and he is a clearly talented player on both ends.

I would be very happy if my team traded for him. ",
Analysis," I think it misses the fact that someone has to take control in these games, and in that role JB is just not quite as good as others, but if he was asked to just be a 3&d role player guy he would likely easily outperform a bunch of current 3&D analytical darlings.

But because he gets paid to be the guy, you need him to the guy, and he just isn’t quite that guy. If he was on mikal bridges contract everyone would be all over him.

Also he wouldn’t be the only player in this position, there’s probably heaps of them. I haven’t checked, but I could see players like Paolo, Fox, Mitchell falling into this category at times, but again I could be wrong, just guessing ",
Analysis," Everyone knows James Harden has a particular affinity for the Canadian ballet, aka strip clubs. After the Rocket's dismal performance in Miami last week, and the city's reputation for high quality tit-shacks, I became increasingly curious to see just how much James Harden's vice affects his game. So here we are, I spent the better part of the week on this, hope y'all enjoy!

Hypothesis: James Harden's box score declines in cities with high quality strip clubs

Test: Analyze James Harden's performance in every NBA city and correlate with those cities' reputation for strip clubs to see if there is any discernible relationship.

Methodology/Steps:

    First I extracted all of James Harden's game logs for the past 4 seasons from Basketball Reference, cleaned up the data a bit (a bunch), and appended it into a single worksheet.

    Next, I filtered out all Home games and all games Harden was inactive or DNP. For the purpose of this analysis we did not look at home games.

    Poor Performances were determined by variances in 6 stats: Points, FG%, 3PT%, FT%, Assists and Turnovers. For each of these stats I compared Harden's overall season average to the city-specific season average. I identified 2 categories of poor performances:

    Sub-Par - Harden performed WORSE than season average, and

    Very Sub-Par - Harden performed 20%+ WORSE than season average.

    I analyzed his poor performances across each of the NBA’s 28 different cities (did not look at home games so no Houston, there are 2 teams in LA, and I distinguished between Brooklyn and NYC = 28 cities).

    City Strip Club Rating was determined by the average google review rating for the first 10 strip clubs in each city based on the google search “[CITY] Strip Clubs” (e.g., “Detroit Strip clubs”). Yes, this did involve me making like 30+ searches for strip clubs on my cpu...

    Finally, I put the City Strip Club Rating into the pivoted game log data, performed a regression analysis and visualized it into charts.

Conclusion:

I have proven, to a statistically significant degree, that James Harden’s game performance declines in cities with higher rated strip clubs.

Correlation Coefficient - r - (between avg strip club rating and total # of sub-par games) = .4575

    Given the nature of the subject matter, this would be considered a moderate-to-strong correlation.

Coefficient of Determination - r2 - (between avg strip club rating and total # of sub-par games) = .21

    This means that James Harden’s box score is 20% predictable based on the quality of a city’s strip clubs

Other interesting facts:

    Harden’s best performance comes in city with the worst strip clubs - Toronto

    Harden’s worst performance comes in city with the best strip clubs - Miami

    Salt Lake city has the 3rd-ranked strip clubs of all NBA cities lol",
Analysis," A lot has been said about LeBron never actually recording his iconic 27/7/7 stat line. That got me wondering who actually has achieved that.

Turns out 4,373 games like that have actually been recorded, out of over 1.5M statlines ever recorded, about 1 every 330 stat lines. Most of those are, as you might imagine, end of bench guys who average 0/0/0 or 2/1/0 for their careers. I don't care about those games, and neither should you. So I arbitrarily whittled the list down to players whose career averages (rounded to the nearest whole number) add up to at least 16. This gave me a list of 1,014 games in which an at least semi-recognizable player recorded a regular season game exactly matching their career averages.

(Source: All data from basketball-reference, scraped using the Python package Beautiful Soup)

Who has recorded their average the most times?

Ben Wallace recorded his career average of 6 points, 10 rebounds, and 1 assist, a whopping nine (9) times in his 1088 game career.

Not far behind are:

    Taj Gibson: 7 games of 9/6/1/0

    Hakeem Olajuwon: 6 games of 22/11/2

    Allan Houston: 6 games of 17/3/2

    Brian Winters: 6 games of 16/3/4

Which of the elite stat-getters have done this? ",
Analysis," LeBron averaged 35/9/7 throughout the entire playoffs in 2009, an incredible statline. But this is just the beginning.

LeBron's stat line per 100 possessions in the 2009 playoffs was 47.5/12/10.5. To put that into perspective, if he averaged 48 mins per game on today's Cavaliers, that'd be his AVERAGE stat line. Even if he played at his season average of 37 minutes per game, he'd be averaging 37/9/8.

Personally, one reason I've always had MJ over LeBron is because of MJ's incredible scoring performances in the playoffs every single season. And while MJ's career Pts per 100 possessions is 18% greater than that of LeBron (43.3 to 36.7), in this playoff run, LeBron had the highest points per 100 possessions in playoff history1. Yes, you read that right. This includes players who played a minimum of only 5 games, yet LeBron managed to produce like this over an entire 14 game playoff run! In comparison, Wilt's best points per 100 possessions in the playoffs was a puny 252. And of course, MJ owns 6 of the top 10 points per 100 playoff runs in NBA history, with his best topping out at 46.1 points per 100, which is still less than LeBron's here.

While he was doing all this scoring, he was also incredibly efficient while doing it. He had a 0.618 TS%, the best TS% of anyone with above a 32% USG rating in playoff history3.

Speaking of his high usage, he was 8th all time in usage that playoff run, and played 41 minutes a game.

Now, on to advanced stats4. This is where this run really looks incredible. He had an absolutely insane 37.4 PER! The next highest PER in playoff history is only 32.4 by Kareem in 1977. He also had the highest WS/48 by far in playoff history, at 0.399, blowing away the second highest by MJ at 0.333 in 1991. This run is 3rd in total OWS of any playoff run, which is incredible as the next highest OWS total with a player with 14 or less games is Kareem down at 43rd place. He's by far first in BPM with 18.2 compared to second's 14.3, and BPM is another cumulative stat. Finally, he had the highest Net rating in playoff history with +28, and the 6th highest Offensive Rating in playoff history.

As a newer NBA fan, it's amazing to me that with such a historic playoff run, he still wasn't able to even make the NBA finals against an Orlando Magic team whose all star starting point guard in Jameer Nelson was injured, and whose second and third highest scoring players in the playoffs were Rashard Lewis and Hedo Turkoglu. Some hate on LeBron for ""the decision"" but I completely understand where he's coming from after a run like that.

Footnotes:

    Criteria of 100 Minutes Played and at least 5 games played.

    Wilt's 25 points per 100 possessions in the playoffs was calculated by estimating the number of possessions in the playoffs using his team's pace in the 1961-62 NBA season.

    Cutoff of 8 games and 250 minutes used here, needed higher sample size to eliminate 1 series players.

    Added on a 15 FGA a game qualifier to remove fluke low scoring players.",
Analysis," He was unstoppable those playoffs for sure.

But his competition the first two rounds was really bad.

He played Detroit in the first round. Who actually had a sub .500 record going into the playoffs and then the 47 win Hawks in the second round. For comparision on the West side, the Jazz were the 8th seed with 48 wins.

He smashed it against Orlando though, which was awesome. ",
Analysis," 2018 is his most skilled offensive run and he had a far more versatile game but his sheer dominance in the 2009 run is ridiculous from every standpoint.

in 2018 he averaged 34 points, 9 assists, 9.1 rebounds, 1.4 steals and a block per game on 61.9 TS% (+6.3 relativeTS%) and 4.3 turnovers

-

in 2009 he averaged 35.3 points, 7.3 assists, 9.1 rebounds, 1.6 steals and 0.9 blocks per game on 61.8 TS% (+7.4 relativeTS%) and 2.7 turnovers

he did this following a regular season where his team won 66 games, he won MVP and was 2nd in DPOY voting.

-

in the 1st round he swept the Pistons averaging 32/11/7, 1.5 steals and a block on 62.2 TS%(+7.8 relativeTS%) this is Jokic/Jordan level offensive dominance while also being the DPOY runnerup

-

in the 2nd round he swept the Hawks averaging 34/8/6, 2.5 steals and 0.5 blocks on 66.7 TS% (+12.3 relativeTS%!!!!) and 1.7 turnovers per game. This might be the most perfect series of his career in general he was unstoppable.

-

in the 3rd round he eventually lost to the Magic who simply outplayed the rest of his team. But his numbers were still ridiculous and he got them vs the 1st ranked defense led by the DPOY winner Dwight Howard who's also arguably the best defender of the decade.

he averaged 38/8/8, 1.2 steals and 1.2 blocks on 59.1 TS% (+4.7 relative TS%) he had some issues with turnovers at 4.2 per game but the impact he had was still utterly ridiculous. He had a Jordan esque 35+ points on +4 TS% level of efficiency level series and hit a major game winner vs them.

-

he even opened game 1 vs them with an absurd 49 points, 6 rebounds, 8 assists, 3 steals, 2 blocks, 2 turnovers at 71.2 TS% (+16.8 relativeTS%) and his team somehow lost them this game. And he had a massive game 2 game winner.

-

This run also holds the record for highest single postseason box plus minus (BPM) ever at +17.53, the runnerup is 1991 Michael Jordan with a +14.63 score.

i would argue this is the single most impactful run in NBA history overall, we've never seen a player look this superhuman/unstoppable on offense/defense like that before or since. ",
Analysis," What stands out to me is how he's achieved this without becoming a high-volume three-point shooter. That 85th ranking in three-point attempts among guards tells you he's figured out something most modern scorers haven't — you can dominate without living at the arc if your mid-range game and finishing craft are elite enough. His foul-drawing ability obviously plays a huge role here too.

The four straight seasons of 30+ points with 62.6%+ TS is probably the most sustainable offensive peak we've seen since prime Curry. Most guys who crack 30 PPG either sacrifice efficiency or can't maintain it beyond a season or two. The fact he's top-two in drives for **five consecutive years** shows this isn't a hot streak or scheme-dependent — it's just who he is as a player now. ",
Analysis," Relative True Shooting Percentage (rTS%) is a stat used to measure how efficient a scorer is compared to the league average for that specific season.

Top 10:
# 	Player 	PPG 	rTS% 	Season
1 	Curry 	30.1 	+12.8 	2016
2 	Durant 	32.0 	+9.4 	2014
3 	SGA 	31.6 	+8.5 	2026
4 	Curry 	32.0 	+8.3 	2021
5 	Embiid 	33.1 	+7.4 	2023
6 	Jordan 	31.5 	+7.1 	1991
7 	Giannis 	30.4 	+6.9 	2024
8 	Lillard 	32.2 	+6.4 	2023
9 	Durant 	30.2 	+6.4 	2010
10 	Harden 	30.4 	+6.3 	2018 ",
Analysis," From 2006 to 2014, Melo's average OBPM sat at +4.1, peaking at +5.3. Kobe's peak year was 5.4. Firmly top 10 every one of those years. 

For ORPM, prime Melo routinely hovered between +4.0 and +5.2 . Firmly top 10.

Further, whilst his ts? lagged behind other elite peers it was above average at 55? during his prime. An important thing about ball analytics, we look at TS% next to usage rate. Melos 31.5 percent rate is absurd.

The only players to average atleast 54? TS rate on 31 Percent usage are T Mac, Harden, KD, Steph, Giannis, Embiid, Luka, Kobe, D Wade, Shaq, LeBron and Michael Jordan.

And Carmelo Anthony. 

I'm not even that high on him but ppl mocking his statement due to his late year efficiency don't realise that analytics were usually pretty good to Melo.  ",
Analysis," This season, Shai Gilgeous-Alexander and Nikola Jokic are back as MVP frontrunners. However, many fail to truly appreciate the sheer level of production that we’re getting from these two historic players. In this post, perhaps the first of two, here are some pretty surprising insights about Shai based on advanced metrics, numbers, and data.

    He is having a historically efficient season, and is blowing last year’s MVP Shai out of the water.

Shai’s true shooting stands at about 68.6% this season, which is absolutely incredible when you consider his league leading volume. This is about five entire percentage points higher than what he recorded last season, which is honestly just crazy to think about. Placing this historically, Shai this season has the highest true-shooting percentage of all players ever to score 30ppg, narrowly beating out Steph’s 15-16 season. He is currently seventh in true shooting leaguewide – this statistic doesn’t pop out, until you realize that all the players in the top ten (with the exception of Austin Reaves, who is ninth) are centers. SGA is generating a completely unprecedented 138.5 points per shot attempt, placing him somewhere above the 99.5th percentile, and possibly leading the league in this metric (I had some trouble with this statistic). However, what is perhaps even more stunning is that this is a whole 10 points per shot attempt better than his MVP season last year (already an incredible season). His basic shooting splits confirm this – a 4% increase in field-goal percentage, and a 7% increase in three-point percentage. Shai is still getting better.

2. SGA is now one of the best three-point shooters in the league.

Shai is shooting 44.3% on three-pointers this season, placing him just outside the top ten for players taking more than 5 three-pointers a game. It cannot be understated how game breaking this makes Shai’s offense – previously, with his three-point efficiency at around 37%, defenders were okay with him settling for a three, because it meant that he wasn’t at the line or the rim. The issue with this strategy is that Shai is now making difficult three-pointers at an absolutely crazy rate, generating 1.32 points per shot. To make matters worse, he has developed a lethal stepback, taking the fourth-most stepback threes in the NBA this season, and making 52 percent of them. This makes him completely unguardable, especially when you consider the amount of unassisted creation that he is having to perform to get his three-pointers – besides perhaps Jamal Murray, nobody taking and making more threes than SGA is a primary creator.

3. He has improved tremendously as a playmaker.

We don’t really think of Gilgeous-Alexander as a passer on par with players like Luka Doncic or Trae Young – his scoring is the best part of his game, and it often outshines his other skills. This year, however, Shai has taken a significant leap as a facilitator – he has increased his assist percentage to 32.3%, 3% higher than what it was at last season, and is averaging 1.5 more assists per 40. Beyond that, however, Shai’s ability to protect the basketball and avoid turnovers is elite. He is in the 99th percentile in turnover ratio at 6.2%, unprecedented when you consider his top ten usage rate this season, ranks 14th in AST/TO amongst those who meet the NBA’s volume requirements, and is averaging 1.7 less turnovers per 40 compared to last season. Not only has Shai improved his playmaking, he is also doing a historically excellent job at not turning the ball over, which creates more opportunities for the Thunder offense.

4. He is doing this whilst maintaining his effort on the defensive end, AND while not dominating the ball.

Although his stocks numbers have fallen, Shai’s defensive rating has increased from last season, and he is ranked third-best in the league. Is that, in many ways, due to the impenetrable Thunder defense? Most probably, but it doesn’t change the fact that Shai remains a great perimeter defender. In fact, he has a Defensive Box Plus Minus (DBPM) of 3.2, which is significantly above last season’s mark. In the unlikely event that Shai does maintain a 3.2 DBPM for the rest of the season, he’d set a record! Apart from that, Shai’s usage rate is in fact down from last season, decreasing to 33.1% from 34.6% the season prior. This places him around 10th in the league, which is incredibly surprising considering, again, that production requires usage. This means that Shai is currently, quite literally, using the ball less despite his historic production, which does not bode well for teams facing the Thunder in the playoffs.

A few caveats: Is Shai going to continue at this breakneck pace for the rest of the season? Probably not, because regression to the mean is a thing. But it doesn’t change the fact that he is having a historically great season. Does this also mean that Shai is the best player in the world? Surprisingly, we don’t know yet, because Jokic is also having another historically great season, which I might cover in a future post. Fortunately, we NBA fans get to witness their collective greatness simultaneously, which is truly a privilege. ",
Analysis," Agreed. he's having an insane season and watching him play justifies his stats. He pretty much wraps up games midway through the 3rd quarter. I just checked the stats and this season he's averaging 35.4 points per 36 minutes (second only to Wilt all time) and 0.392 WS / 48 which is again the highest of all time. We may be witnessing probably the best regular season peak we've ever seen from a player, given the numbers. If he can keep this pace up, he'd have a comfortably better season than 2016 steph in terms of team wins and individual stats, and I'm saying this as a warriors fan. ",
Analysis," The right situations for him. Drafted by a Clipper team in transition with a ton of vets so the pressure was low, but he got a lot of playing time and very beneficial playoff experience against the Warriors. Goes to OKC who were in a similar situation and got to play with a ton of vets, again, keeping the pressure low. At this point, he's played with Lou Will, Pat Bev and CP3 and has been to the playoffs in both of his seasons.

So now he enters a full rebuild team. Expectations are very low. He also is dealing with some injuries. All that leads to Chet, Jalen and Jaylin being drafted in 2022. Chet is injured, but SGA is finally getting healthy. With both Chet and SGA healthy, the team explodes.

So, SGA gets a great base in his first two years with playoff teams full of vets, some very key vets being back court players. Only then does he find himself on a rebuilding team of young players. The experience he has leads to maturity and it made him into the player he is now. ",
Analysis," Haslem was legitimately a respected voice in the locker room who got on star players for not being disciplined and always towed the team line. Shaq is on record as saying Haslem would be the first guy to get on him for lack of effort, and Shaq listened and respected him. And then many years later when Jimmy wouldn’t listen to Spo, Haslem was the guy who stood up to Jimmy for not acting like a team guy. Not sure how that is a comparable situation to the Bucks signing several of their star player’s siblings, which only promotes dissension in the locker room. ",
Analysis,"

The problem is that all metrics fail to capture context.

Brown has flaws as a player that impact metrics and advanced stats really hate - he has a loose handle and is turnover prone, and is a bad off-ball defender. They have always dragged down his numbers, but this year those flaws were magnified as his usage rate on offense exploded to top 3 in the league.

The fact is though that there are not 30 other players in the league that could have performed the way Jaylen did this year at the usage rate he had. With Tatum out and the starting rotation gutted, the Celtics more than anything else needed shot creation, and JB gave it to them.

Mazulla adjusted the offensive scheme to maximize JBs talents because he was the only true consistent shot creator on the roster, and JB leaned heavily into this role at the sacrifice of other parts of his game - parts which were covered by the adjustments Mazulla made to the scheme.

Is JB truly a top 10 talent in the league? Probably not. But he is CERTAINLY top 30.",
Analysis," This season, Jokic is currently averaging 30.3/13.1/10.2, putting him 3rd in scoring, 3rd in rebounding, and 2nd in assists. Meanwhile he is averaging 65.7% TS, making him the 2nd most efficient volume scorer (players scoring at least 20.0 ppg), behind only Sabonis. Oh yeah and he's the third most efficient 3 point shooter in the league hitting 47.4% of his attempts. That is a mind bogglingly impressive box score. You could very seriously argue that Jokic is the only player in NBA history to simultaneously be the best scorer, play maker, and rebounder in the world.

Throughout NBA history, there have been exactly 5 individual season where an individual recorded a BMP of 13.0 or higher. 1 was LeBron in 2008-09, the other 4 were all Jokic. This season he is on pace to break his own record, with a BMP of 14.23. Yes, BMP can be a flawed stat, but the individuals with top 10 BMP seasons not named Jokic are Michael Jordan (3 times), LeBron James (once), and Steph Curry (once). That is a very, very good list to be a part of.

My last point is that off of vibes I've gotten watching basketball over the last few years is that it has felt like Jokic has been the best basketball player in the world for the last 4 years . How many all time greats over the last several decades could really claim to have been the best player in the league for 4+ years? Not many. MJ, LeBron, Kareem. Maybe, Shaq, Magic or Tim Duncan.

My point is, that Jokic is that guy. Not only is he awesome, he is historically awesome. It is not ridiculous to consider him to be amongst the greatest centers to ever live, and you should not dismiss him simply because his team didn't win a team award as often as others. ",
Analysis,"

    Efficiency stats when comparing eras just don't make sense.

Using raw numbers can be a little dangerous since efficiency has gone up over the years, but it's not hard to adjust for era. Very few players have been as efficient as Jokic on as high of volume for as long as him.

    And the reason his BPM is so historic is the team is appalingly bad when he is not on the court.

I don't think BPM is a great way to judge a player's impact, but it's a box-score based stat; it doesn't look at how a player or his team performs on vs off the court.

    Now that usually happens when you have a superstar because the rest of the team is cramped with the salary cap. So you didn't see teams cratering when the star was off the court like you do in the Lebron/Steph/Jokic era.

Even if on/off data is inflated in recent years compared to the 70s/80s, Jokic is still off the charts.

Here are the highest 3-year on/off stretches for some contemporaries:
Player 	On/Off 	Years
Jokic 	+21 	23-25
Curry 	+18.6 	14-16
LeBron 	+16.5 	15-17
Embiid 	+11.2 	21-23
Giannis 	+10.1 	18-20
Harden 	+7.8 	14-16
Luka 	+7.5 	23-25

    To crack the GOAT tier discussion, he'll need to win a few more championships. May not be fair to him in the era of parity, but those are the breaks.

Why? Championships are a team effort. If we're talking about the best player, why judge them based off of a binary stat that requires a good team? ",
Analysis," Yes, Jokic is that good, for all the statistical reasons you listed... And, he did finally lead his team to a very elusive title, and has a good amount of accolades. But, what does that mean?

A lot of the NFL world seems ready to crown Patrick mahomes the goat, for potentially winning 3 super bowls in a row. Why? Cuz there, they understand the importance of winning, over statistical achievements. Yes, the NFL is different, and due to winner take all playoff formats, it's harder to win 3 in a row. I'll give you all of that.

Bringing it back to the NBA... What criticism is often levied against Wilt Chamberlain, for his goat case? He didn't win enough. I can provide all sorts of context and history, regarding the Bill Russell superteams, and lack of free agency and post injury Wilt and blah blah... But, at the end of the day, he didn't get it done, despite his ridiculous list of all time records (which are even smaller than they should be, cuz certain stats weren't even counted when he played...)

Winning matters, is the point. It shouldn't be your end all, be all... But, it matters.

And in that category, we need to pump the brakes a little bit for Jokic.

Then there's the recency bias issue, of trying to put the proper context around Jokic in this era, and trying to compare that to previous era's---which is already a fools errand in many ways. But, the entire play style of the league is very different. The rules are different. Positionless basketball is a very new concept. Centers of the past trained their entire lives to play in those styles and systems. David Robinson is a GREAT center---but recency bias, stats, and analytics will never give him the credit he deserves. They also won't add any context or history, of him consistently playing against other great centers.

Your comparing a guy, with an insane usage rate, in a positionless league, who has the ball in his hands all the time, and basically makes all the decisions on the floor... To players of the past, that had roles, played in systems, were generally less ball dominant, etc, had to rely on point guards to get them the ball, where high scoring point guards were anomalies... These are the areas where recency bias will tell you Jokic is ""SO MUCH BETTER"" than everyone before... When it's more complicated than that.

Also, it's an inflated era. The commissioner has admitted, on camera, rules were changed intentionally to make scoring easier. Pace and more 3s makes it easier for rebound opportunities, and not just for centers anymore. There's no physicality in the league. Assists are given out like candy now. Freedom of movement and carrying/lack of travels makes it easier for everyone... The spacing has never been so wide open... The center position has NEVER been so physically weak, out of necessity, to keep up with modern offenses. ",
Analysis," Over the past several months, people have made several complaints about Jokic and/or the media voting for MVP that I think are unfair. So, here are my responses.

Some criticisms are courtesy of Kendrick Perkins, who may be interested in ""padding"" his book sales by promoting controversy:

    The three players since 1990 who have won MVPs for seasons in which they finished outside the top 10 in scoring are all white: Nash, Nowitzki, and Jokic.

The ""since 1990"" part is what matters because before 1990, Bill Russell, Willis Reed, Wes Unseld, and Magic Johnson all won MVPs for seasons in which they finished outside the top 10 in scoring--7 MVPs between these 4 players for seasons in which they finished outside the top 10 in scoring. So, why's Perkins excluding these players who won before 1990? Is he trying to suggest that voters have gotten more racist since then? I think it is intellectually dishonest to exclude these 7 MVPs as if they didn't happen.

2) 80% of the voters are white.

Black players have won exactly 80% of the NBA MVPs since the inception of the NBA MVP award. Black players also rightfully dominate the Top 50 and Top 75 lists.Probably the best evidence that voters wouldn't be racist in awarding Jokic a third straight MVP is basketball reference's model (https://www.basketball-reference.com/awards/mvp.html), which is based on historical MVP voting and has proven very reliable in predicting MVPs in the past. It gives Jokic a 10x better chance than either Giannis or Embiid to win this year's MVP, and it's on the basis of a color-blind model.

3) Voter fatigue prevented players like LeBron James and Michael Jordan from winning three straight MVPs, so it should apply to Jokic.

Voters seem to be looking for improvement in both a player and his team in awarding an MVP. Since Bird won his 3rd straight MVP in 1986, each of the players who have won 2 straight MVPs dropped in win shares from the previous year *and* saw their team records get worse the year after, with the exception of Steve Nash.LeBron would have won a 3rd straight MVP in 2011, but that was his first year with Wade and Bosh and the Heat still finished with a worse record than the Cavs with LeBron the previous year, so Rose won MVP because the Bulls had a better record.

Voter fatigue did apply to Jokic. He finished 5th in the first ESPN straw poll despite having roughly the same impressive stats he does now. But his team wasn't showing improvement. Now, with his team #1 in the West, he's first in the most recent straw poll. The Nuggets are on pace for a 10 game improvement from the previous year, and that's the rare team improvement that voters seem to be looking for in order to award a 3rd straight MVP. Jokic's win shares/48 minutes are also up from the previous year; therefore, he's bucking the trend on both counts.

4) Jokic stat pads/Jokic's teammates help him stat pad.

After Giannis blatantly threw the ball off the glass in an effort to get a triple double, Perkins walked back the Jokic attack a little and contended that all players stat pad. If so, what's the point in singling out Jokic? What's responsible for his being the only player to be averaging a triple double? Is he better than everyone else at stat padding or is he actually just good?It was also suggested that Jokic's teammates chuck shots off of Jokic's passes to get him assists.Actually, Jokic's teammates are shooting a higher FG percentage on jumpshots off Jokic's passes than Embiid's teammates off Embiid's passes. This stat was used for the ""Jokic's teammates are better than Embiid's"" angle, but it also suggests Jokic's teammates aren't chucking the ball up indiscriminately. Jokic also leads all centers in secondary assists, which suggests they're not just trying to get Jokic assists.

Also, Aaron Gordon and Kentavious Caldwell-Pope are shooting a career high FG percentage, which suggests Jokic may be making his teammates better.

5) Voters have ""changed the goalposts"" this year by pointing to the importance of the team's winning compared to last year when Jokic won when the Nuggets were a 6th seed.

Team performance always mattered. The Nuggets as a team last year only finished 3 games behind the 76ers (Embiid finished runner-up). Moreover, Jokic played in more games than Embiid and because of that actually started in more wins: 46 to 45 for Embiid. This is probably the more important team won-loss stat unless you want to give either player credit for a team's win when he didn't play. This year, Jokic has also played in more games than Embiid so far, and he has started in 43 Nuggets wins, compared to Embiid who has started in 33 76ers wins.

6) The fact that Jokic was the 7th pick in the All-Star Game should take credibility from Jokic as a player. Nick Wright stated that never would have happened to Larry Bird when he won 3 straight MVPs.

Actually, the year after he won his 3rd straight MVP, two players who became Hall of Famers, Dennis Rodman and Isiah Thomas, said Bird was just another good player. So, if those two players had been selecting teams, maybe Bird would have been 7th too. Players in All-Star Games aren't really trying to win anyway. They're picking their friends and teammates first.

7) Jokic doesn't play defense.

Jokic leads all starting centers in deflections per game, is 2nd to Drummond in steals per game, leads the NBA in defensive rebound percentage, and is 4th in defensive win shares. His defensive RAPTOR is 2nd in the NBA behind Alex Caruso. ",
Analysis," I want to preface this by saying that Joker this year is very deserving of MVP but I get some of the gripes. I hope I don't sound too unreasonable saying this but it does bother me that Jokic has won what looks to be 3 straight MVPs without ever being the consensus best player in the league.

My annoyance with Jokic MVP arguments isn't the player but the discourse surrounding him, and the constant usage of advanced stats and his dominance in those metrics. In many ways, advance stats have overshadowed qualitative analysis.To be honest, I'm very much fatigued on analytics, and it annoys me how discussions about the sport become less about skill and spectacle and more about abstract numbers and categories that require their own explanations. Plus most people throw those numbers out without context, and just blurt out about how Jokic has a high RAPTOR value. Those numbers aren't the most difficult to grasp, but they can easily deflate a sports conversation .

An example of such are some metrics that have Jokic as a premier defender when everyone is well aware that he is a marginal defender at that position. His rim protection is average to below and he doesn't have much value switching either because of his lack of lateral speed and agility. That doesn't mean he is all bad, he's got quick hands to disrupt players in the post, and he is rock solid at positioning and getting boards. Elite he is not, but he is neutral on that end of the floor, and isn't the liability he once was. Of course he is a generational offensive talent, is probably the best offensive big man of his era. No other player has even the offensive package that Jokic has as a scorer, shooter, passer and, offensive rebounder. You don't really need analytics to see that, it's apparent and obvious.

His performance plus his team's standing are both strong indicators that he is doing well in the MVP race, but I don't feel compelled to believe that his overall impact and value is greater than Giannis, who is a dominant force on offense himself (albeit far more limited and specialized in what he does) and an all world defender who serves as the crux of his team's top ranked defense. plus, greek freak didn't have his best co star for most of the year, but the bucks still stand as the no.1 seed in the east for now. ",
Analysis," In general a lot of the criticism is dumb but I’m gonna focus on 7

He’s not 2nd in Draptor, Anthony Davis is. Advanced Defensive stats are also not the best, and often take into account things like assists which should have no place when evaluating defense.

Top GMs are on record about how shit advanced defensive stats are, going as far as to say that the outright ignore people points that use them

Jokic is not an especially good defender. While he’s smart he has possibly the worst fluidity I’ve ever seen in an NBA star, and there’s only so much positioning can do for you if you’re not remotely quick playing in modern defenses.

On top of that he’s not a good rim protector — and rim protection + being able to switch are the two most important things to a modern big defensively

This idea that defense can just be reduced to stats is incredibly silly and is part of a generally fair indirect criticism of jokic — that supporters of his sometimes overrate him by just throwing out advanced stats and doing a ben shapiro esc “facts don’t care about your feelings” bit without going into the nuance of what actually happens on the court

Edit: also wanted to add more context to the idea of a center having good positioning defensively. While that is a good trait to have, almost all the elite defensive bigs are amazing at being able to sink off their guy, interrupting the defense in a way jokic can’t — and can specifically get away with this because their recovery and fluidity and speed are so great for a guy their size.

Being capable of excelling while playing out of position is legitimately an immense positive when it comes to being a defensive big and I feel like a ton of that gets lost when people talk about jokic’s positioning ",
Analysis," I have been quite against Jokic winning last year, but recently went trough and did some basic data crunching on MVP winners over 50 years. I looked at games played, team record (league rank, not conference seeding), points per game and win shares.

My takeaways from that exercise were:

    Games played matters - 1/50 MVPs have played less than 71 games or 86% of the season. 45/50 (90%) have played at least 74 games or 90% of the season.

    Team record is really important - 30/50 (60%) winners are from the best team, 39/50 (78% are from a top 2 record. The 3rd, 4th, 5th, 7th and 10th best records all have 2 winners and the 9th best record had one. Of the 7 instances where an MVP didn't have a top 4 record, 4 occurred before 1990 and 3 occurred after 2017.

    Win Shares (cumulative) is quite indicative of who will win, with the WS leader winning 29/50 MVPs and top-3 in WS accounting for 41/50 MVPs.

    PPG is the least strong indicator for MVP. 27/50 winners have been top 3 in PPG, 8 winners have been outside of the top 10.

    There have been 5 seasons where the MVP is #1 in league record, PPG and WS (a sum of 3). There are 30/50 seasons where the sum of the ranks are 9 or less (average top 3 across the three categories)",
Analysis,"

    PPG is not a great indicator as it doesn't account for all aspects of the game. This point is cherry picking stats. I agree on this.

    No comment needed here

    Jordan definitely suffered here. His 1997 season was #1 in record, PPG and WS while playing 82 games yet K.Malone won MVP with #2 record, PPG and WS over 82 games. His 1993 season the Bulls had the 3rd best record and Jordan was #1 in WS and PPG, Barkley won with the #1 record, 5 in PPG and 4th in WS. James also sufferred the same fate where he has had better stats, most notably in the 2011 where James was 3rd best record, 2nd most PPG and 1st in WS; Rose was best record, 7th in PPG and 5th in WS. James and Jordan were making the NBA Finals or winning while voter fatigue was happening, Jokic has won 1 playoff series in his 2 MVP years. Giannis had the narrative of playoff failure after back to back MVP's cloud his 2021 season.

    Stat padding is a stupid argument. He isn't like Westbrook stealing rebounds or making Rondo assists. I think you wasted many fine points under this heading. The only thing here is it is easier to get more assists if you pass more and shoot less.

    Goalposts definitely move, just not as much as people like to believe. Nuggets are on track for a 10 win improvement and will probably get the 2nd or 3rd best record. Last year the reason for the poor record was Murray/Porter being out, I would think getting your 2nd and 3rd best players back would equate to more than 10 wins. This slightly discredits last years argument. This is a factor of there being no strict definition of MVP and the loudest voices in the room dictating the media narrative (and maybe the vote).

    This was funny, should not be impactful on MVP. If he didn't pick himself he may have been 8th.

    We all see Jokic get targeted on defense. He is not as bad as people like to make out, he is not as good as the advanced defensive stats suggest. He is probably about average as a centre and doesn't have top 7 upside at full effort. His 2 main MVP rivals play above average to great defense and both are arguably the best defenders at their position at full effort.

I don't believe anyone should win MVP with the 10th best record.

On balance for 2022, I would rather go a little below the threshold on games played (3 or 4 games) in a pandemic affected season than a long way below the threshold on team record. Embiid and Giannis were a toss-up last year. I would have had Embiid as the MVP but Jokic 1st team All-NBA.

For 2021 there is very little argument against Jokic given Embiids games missed and the Nuggets being a 1 seed at the time of Murrays injury is a good argument in favour of Jokic. I think Embiid should have made All-NBA first team in this season.

This season Jokic is rightly in the lead but there seems to be way too much of a gap in the narrative between the top 3 candidates. I feel like this should come down to team record given significant teammate absences mostly favours Giannis; Jokic has had slightly healthier teammates than Embiid but it is very similar games missed. ",
Analysis," The only point I’ll contend with is the Jokic doesn’t play defense. He is a neutral to positive defender, but using RAPTOR or Defensive win shares is not a good argument. A big reason why the advanced metrics often grade him as such a good defender is that his teams defense drops well below when he’s off the floor. Instead you can talk about what he does well on the court defensively. Jokic is a guy who wants to play at the level of the screen. His quick hands and good anticipation let him generate tons of deflections and steals when guarding the pick and roll. He’s an elite defensive rebounder. Opponents get to rim far less than when he’s off the floor. So I’m general he has real strengths. A lot of the trouble comes when they have to switch coverages in the playoffs, or multiple screens are used. ",
Analysis," The whining about his MVP campaigns is starting to border on unhinged. When I see a large contingent of the Sixers sub still pushing for Embiid as this years MVP it almost feels like a weird psyop. The ability to steelman is an important skill to have, and I like to think I possess it…but I just…don’t understand from what angle it’s even close between the two this year.

We already know there’s a huge chasm between them statistically, that’s confirmed simply by how often Jokic detractors complain about those that commit the cardinal sin of pointing it out.

But, it isn’t just that. He’s not just statistically superior…the Nuggets have the better record, by 3.5 games.

But, it isn’t just that. He isn’t just statistically superior and his team doesn’t only have the better record, Jokic has played in 4 more games.

But, it isn’t just that. He isn’t just statistically superior, with his team having the better record and him being on the court more. The Sixers are 34-18 when Embiid plays, 9-4 when he’s out. The Nuggets are 43-14 when Jokic plays, 3-5 when he’s out. There’s nothing to suggest Jokic has the markedly superior supporting cast either.

I can go on and on with this intentionally irritating style of argumentation, but I think I’ll leave it at that. There’s just no conceivable way one can argue that Embiid is more deserving of the MVP this year. None. ",
Analysis," Jokic deserves MVP, but letting him 3peat as MVP just looks bad 'legacy'-wise. 3x MVPs are very rare and 3peating MVP has only been done by Bird. Jokic is obviously not close to the level of players that have won 3 MVPs even though if we look at it objectively, MVP is just a regular season award given to the player most important to a top team. Having x MVPs shouldn't say anything about how you compare to other MVPs or MVP caliber players, but casual fans think it does and the media uses this to promote or put down certain players. James Harden is my favorite player and he deserved 3 MVPs, but the media wanted to promote their narratives and thus snubbed Harden twice. Casuals and a lot of fans that watch games don't care enough to actually watch footage of old players or even look at their stats and read about the context of those stats. In a few decades people will look at Jokic's Wikipedia page and think he's a top 15 player all time which he is obviously not. While Jokic deserves a third objectively, he shouldn't get one for the sake of how greater players are viewed. Plus, a lot of the pro-Jokic arguments over the years have been twisted to downplay past MVP candidates so people don't want the media to break their precedent. ",
Analysis," Imo, I think Jokic should in theory get it this year (if not for voter fatigue), but Embiid should’ve gotten it last year. And honestly, you could also make a good case for Giannis in either of these 2 years.

I think the main problem if Jokic wins this year- is the fact that he will have won the last 3 when between him, Embiid, and Giannis, the other guys deserve their share as equally. And in the recent past, the voters have given it to someone else who got snubbed in a previous year.

Example would be Harden in 2018. Now, I’m not saying he wasn’t deserving. And I’m fine that he won, but I would’ve been just as fine with LeBron winning that year (2018 LeBron was sick). But I think what pushed Harden over LeBron is the fact that he arguably got snubbed in 2015 and 2017.

It’s a similar situation with Jokic and Embiid. I can make a roughly equal case for both of them winning MVP, but because of the precedent that’s been set in the recent past of trying to give it to someone who’s possibly been snubbed in the past, Embiid should get it. But in terms of who had/is having the better season in a vacuum- it was Embiid last year and Jokic this year. ",
Analysis," Joki?, meanwhile, has excelled in more valuable defensive metrics that can be harder to notice, such as grabbing defensive rebounds in traffic and contesting shots without fouling. His defensive rebounding percentage has improved dramatically this season, from a previous career best of 27.9 in 2017-18 all the way up to a historically prodigious rate of 35.5 this season. He also contested far more shots per game than he did last year (12.2 versus 9.1) while committing fewer fouls. And he led all players taller than 6-foot-7 in steals per game, which we have found to be more valuable than blocks. ",
Analysis," A good way of explaining this for people who don't watch Nuggets games is imagine if you fused Ayton and CP3's production and responsibilities into one player, or Trae Young and Clint Capela, or Haliburton and Turner.

You're getting a guy who is tasked with being the lead scorer by nearly double his second highest scoring teammate, and does it at league leading efficiency. Top or near of the league in all clutch shooting/scoring and isolation metrics as well.

The top four clutch scorers in the league this year were KD, Ja, Embiid, and Jokic, all averaging 1.3 FGM in the clutch. Jokic led these four players in FG% (49.5), rebounding (1.5 + crazy .6 OREB), assists (.6), and steals (.2).

On top of the scoring duty he's also tasked with running the entire offense. He's doing everything from bringing the ball up, to playing pnr, to operating out of the high or low post, elbow, 3pt line, as a facilitator in addition to being that main scoring threat. This led to Jokic leading the NBA in passes by a mile

He recorded 5400 passes this season, the most in the league and over 600 more than 2nd place finisher Haliburton. Only 10 players recorded over 4000 this year. That's a testament to playing every game, but he also led the league with 73 passes made per game. Second place was Lowry at 65. That 8 passes per game gap is the same between those two as it is between Lowry and 16th place CP3 at 57.

He also led the playoffs in passes per game at 76. 2nd place is 68 and only 6 players in total recorded over 60 a game: Jokic, Kyrie, Siakam, Ja, Harden, Draymond.

Unsurprisingly he leads the league in touches per game at a shade over 100, but what's really interesting is that his time of possession is only 4.3 seconds, and his average seconds per touch is just 2.6. This is a total anomaly as the other players with a high volume of touches like Luka, Harden, Trae, Ja, LeBron, are more than doubling his time of possession and average seconds per touch. So you're getting this tier-1 scorer, tier-1 facilitator, and he's making more decisions at a much faster clip than anyone else in the league.

You can get into the defense stuff after that and I don't know that there's a ton to pull out of defensive modeling that I would personally point to 100% justifying such a huge D-RAPTOR, but I'll point out a few that help.

Other people have explained about the defensive rebounding which was certainly elite as he led the league in drebs, contested drebs, dreb chance% for everyone averaging over 8 a game, etc.

He also defended the most FGAs in the league this year at a shade over 21 a game, while Gobert was just a hair under it. He was 4th in shots contested at 12.2 a game, just under Evan Mobley at 12.3, Gobert was 13.1, and Poeltl 14.2..

The result of those shots defended and contested was a DIFF% of -1.0 which is not great compared to elite rim protectors (Gobert lead at -7, Lopez -6.7, Embiid -2.7, Turner -1.5, Capela 0.0), part of that is on him, and part of it is is on the Nuggets having a horrendous POA defense and just allowing guards to get a head of steam running at Jokic all the time.

A big benefit in the D-RAPTOR department is that even though his protection is just average at best, it is still a positive addition, and he fouls at a league leading low rate for any rim protector. So that's saving a ton of points on the back end of a stat like that by never sending dudes to the line and rarely ever getting in foul trouble.

He was one of the league leaders in deflections per game this year at 2.9. That's the same as DPOY Marcus Smart and more than Jrue Holiday. There are no true 5s anywhere near him in that regard. ",
Analysis," Jokic excelled this season in a lot of what the model values: contesting shots, grabbing contested rebounds, not fouling, and getting steals. He also rarely gets his shot blocked and doesn't turn the ball over super often (at least considering how much he handles it) which goes into the formula too. In other words, he got extremely rewarded this season for being a ""smart"" defender who grabbed a lot of tough rebounds and didn't gamble a lot even though he won't ever put up highlight reel blocks. It valued his positive consistency particularly given that Denver didn't have a ton of great defenders surrounding him. ",
Analysis," the maddening thing to me about the GOAT debate is the people (usually lebron fans) who make it a skills competition. it's not and never was, not in the nba, not in any sport.

in fact, skills might be the least important part. do i think kareem is above bird because kareem was more skilled than bird? do i think russell is above kobe because russell is more skilled than kobe?

yet the argument between jordan and lebron always becomes ""jordan was the better scorer, lebron was better at everything else,"" as though anyone has ever said ""jordan was a better scorer and passer than kareem, but kareem was a much better rebounder.""

the GOAT debate is an amalgamation of championships, stats, accolades, dominance, and i guess skill if you need a tie breaker (though i can't think of a time i'd need to use it to rank my top 10). imo jordan is the GOAT because he was 6-0 in the finals, his mvps and dpoy, his dominance in the 90s as the best player and champion. does it matter if his assist and rebound numbers aren't as good as others in the top 5 like magic or bird or someone else depending on your personal ranking? i don't think so. stats only tell so much of the story.

it's not a knock on lebron to say his resume doesn't measure up to jordan's resume -- jordan's resume is really good! at the end of his career, lebron's resume still probably falls short, due to the lack of dominance in his era, other than as an individual talent. that's not good enough to me when going up against someone who dominated on an individual level AND at a team level. ",
Analysis," That's some great and in-depth analysis but i think it's somewhat flawed.

I don't know why you chose these two games specifically, but that's a very small sample size. LeBron has played roughly 70000 minutes of NBA basketball and you're looking at around 42?

Now of course attempting to analyze every play or even every playoff play would be an impossible task but still, i think the sample size is a valid point of criticism.

Additionally, just looking at assists might bias your results to the positive. How many plays are there, where LeBron fumbles against the second help and a desperate kickout leads to a trap and a turnover? Looking at the success rate of all posessions that had the players holding the ball uncontested might deliver more insight into the actual effectiveness of the system.

You are definetely right in that any one assist created in a helio system is harder to achieve than an assist in a team system, but the heliocentric player also attemps more assists.

At the end of the day, being able to fit into a system is a skill and i think LeBron would struggle with that because of his shooting splits. ",
Analysis," I’ll start with the elephant in the room: are you sure Messi is considered CLEARLY more valuable than CR7 in soccer globally? This is a debate as fierce as MJ vs LBJ, if anything - I’m European, I would know lol.

Secondly, why are we taking MJ and LBJ in arbitrary time frames? 9 seasons for MJ, 13 for LBJ? Even if we take out 2 MJ’s seasons for retirement, that is still uneven number.

Thirdly, it is not fair to compare a player missing a few games per season like LBJ to MJ missing almost 2 entire seasons. Why? LBJ’s teams were not constructed to win without James, while Bulls’ knew about MJ’s intentions and thus prepared for life without him. Outside of those 2 seasons Bulls were 1-6 without MJ and it’s not his fault he was reliable otherwise to have a small sample size.

Fourthly, rules are different between the 2 eras, especially on double teams, so MJ just couldn’t get as much attention on the perimeter as LBJ, because defenses were not allowed to. I’m not saying MJ is as good of a passer as LBJ, but comparing the plays straight up is not fair.

Fifthly, you are comparing a system player in MJ to a system-in-a-player LBJ, which explains why MJ wouldn’t make the plays LBJ did: he didn’t need to, similarly to how KD didn’t need to with GSW. LBJ being a system-in-a-player is a better floor raiser, but this doesn’t make him clearly better for a properly stacked team with quality players and coaching and defined roles.

With all that in mind, I do agree LBJ is a bit more valuable for a team in a vacuum as he does create higher quality offense on his own, but that is very dependent on teammates both guys get. ",
Analysis," My guy LeBron posting a very high win percentage playing and a terrible win percentage when not playing is not something to look good upon if the goal is to win a title and have the strongest team.

No one doubts LeBron is a better passer and creator than Jordan, as well being a better physical specimen with much more gravity going downhill, but there exists no direct correlation to winning titles. I mean for God's sake Luka is a much superior offensive player than Jayson Tatum, even more heliocentric than Lebron ever was in his prime, Kyrie Irving is still offensively more talented/skilled than every Celtic, and the Mavs lost in 5.

And the reason is simple: when LeBron James (or any other heliocentric player) sits, the team becomes pretty bad. When you depend on ONE player to be the system of your team, then the rest of the players are not able to function in any kind of consistency when that heliocentric player sits.

Whereas if you can run a system, players can still play to a decent level for stretches when their best player is not on the floor.

This really shouldn't be a Jordan vs LeBron debate but a basketball philosophy debate.

Also LeBron better off ball gravity? Sure if you can cherry pick a few plays. But the incredibly noticeable issues and his history about his poor ability to fit with various players on his teams indicate otherwise. Not to mention you can find countless clips where LeBron does absolutely nothing when the ball isn't in his hands or the lineup data that favors lineups where LeBron is the only star playing.

I won't say AST averages overrate or underrate non-helio or helio players. No conclusion can be made that makes sense there even if everything you said is true. More like whether a player is helio or non-helio determines how many assists they're likely to achieve, and lower AST numbers can underrate playmaking ability. ",
Analysis,"The entire conclusion is based on a sample size of one random game per player and your evaluation of how valuable those assists were? How are you possibly able to make such a blanket statement with a straight face?

It also completely ignores the fact that if you have the ball more you straight up have more opportunities to create assists. You could be a worse passer but if you make way more passes a game you are probably gonna “take out” more players just on volume.

It also ignores, as others point out, significant changes in team defense rules and strategy. You could transport LeBron back to 1989 and he’d “take out” less defenders than he does now simply because defenses didn’t play in the same way at all. Edit: to demonstrate how the style of defense biases the situation. Think about the standard Steph Curry / Big pick and role where the defenders blitz Steph to force him to give it up. You’ve seen this play thousands and thousands of times right? Steph gets the ball to Draymond or whoever. Under your system he has “taken two defenders out” with this pass. Just on this play alone, Steph probably looks like he is a much better playmaker than a lot of heliocentric stars because he takes out so many defenders. Is this a good pass by Steph? Absolutely. But is it a result of him being a higher level playmaker than a similar player that gets switched on a lot? Is it because assists per game underrate non helio players??? I wouldn’t say so. It is because the other aspects of his game dictate the defense plays him in a way that causes him to make the pass

Also the comparison to start with just doesn’t make sense. Everyone in the world agrees LeBron is a better passer than jordan. Jordan wasn’t a bad passer but LeBron is one of the best if not the best to ever do it. Basically every passing metric no matter how you construct it, LeBron will look better on it. But that doesn’t mean it is because assists per game somehow underrate heliocentric players. It would be like comparing Steph curry to basically any other three pointer shooter and then using that to generalize “6’3 point guards who can play both on and off ball are the best way to score threes.” The more legitimate comparison if you wanted to try to construct this argument with anecdotes would be to compare a heliocentric star who isn’t amazing next level passer (idk say Giannis) to a non heliocentric type star who is a similar level of passer (like idk Paul George or Kawhi). But by picking LeBron as the example you’ve stacked the deck. ",
Analysis," Tell us Pip’s, Grant, BJ’s, Paxson’s, combined games started 1st year on Bulls, & Cartwright’s games started last year on Knicks, & this isn’t a 1 and done era.

*Bulls .308 win % when MJ missed games 1984-1993. 2003-10 Cavs + 2010-14 Heat had a .431 win % when Lebron missed games. Cavs .384 win %, Heat .500 win %. That’s how you compare, not a rebuilding team, vs a team who’s best player MJ, had them believing he might play and lead them to a 4-peat. Compare 1999 Bulls, vs 2011 Cavs, if you want to compare rebuilding teams who are intentionally tanking.

    It’s very disingenuous, showing a healthy team, with same coaching staff, whose roster has been brought back, and reinforced, brought back to 4-peat as champs, as in 1993-94 Bulls, where MJ retired 2 days before training camp, because he almost played after his fathers murder, vs mvp Lebron losing with nba best records, home court advantage, while favored, in 2009, & 2010, then jumping ship first day of free agency, so team fired coach, team is intentionally tanking, team is also injured, team also didn’t bring back several players, not just Lebron , since they are in a rebuild mode and need lottery picks, has to be the most super fanboyish stuff ever.",
Analysis," Takeaways:

    LeBron averaged 4.7 3PT assists in 2016-17. Since this time, only Steph and Harden have averaged more 3fgm in a season.

    LeBron’s 3PT assist per game dropped big time this year (only 2.65 per game)

Why?

Read this crazy line from a Kirk Goldsberry article:

    “Over the past five seasons, Curry has emerged as a new kind of scoring wunderkind, draining an incredible 1,485 3-pointers since 2013-14 season. But in that same period, James the creator has assisted on 1,318 made triples.”

Method:

    LeBron 3pt assists: for each game LeBron has played in over the last 3 years, get the play-by-play and filter for 3pt made shots that Lebron got the assist for.

    Other NBA players: get league leaders in 3pt fg for the last 3 years and sort them.

Data source :

Stats.nba.com

Language:

I used this module that I made.

https://www.npmjs.com/package/node-red-contrib-nba

Live chart:

http://node-red-contrib-nba.eu-gb.mybluemix.net/ui/#!/0

Notes:

- The year is the first year in the NBA season (eg 2016 -> 2016-17)

- Lebron’s stats are on the top so they stand out ",
Analysis," 2013 , he was absolutely surgical. The Heat absolutely came together as a team that year, winning 66 games. He went 27/8/7 with 2 steals and a block on 64% true shooting, and this was before the 3 point revolution truly happened, so wings/non bigs simply didn’t shoot 64% from the field. He shot 60% from 2 and 78% from the paint, Shaq numbers. And even 45% from 15 feet to the 3 point line. Literally elite scoring everywhere except the free throw line; where he went 75%.

He also only averaged 3 turnovers a game, tied for a career low.

And it felt like he was just toying with the league. He had a 21 game stretch of 29/8/8 on 62/42/80. He average 67% on 2 point field goals! That’s insane!

Those numbers might not seem staggering due to the offensive boom we’ve had, but that’s 38/11/10 per 100 possessions. with a 125 Offensive rating and 101 defensive rating

He was almost unanimous MVP, 2nd in DPOY, led the league in PER, win shares, win shares/48, OPBM, BPM, and VORP. And it was his 8th year in a row leading the league in VORP, 6th in BPM, and 5th in WS/48 ",
Analysis," 2012-2013, he averaged 26.8 points, 8.0 rebounds and 7.3 assists, played 76 games. He won his fourth MVP award, his second Finals MVP award and his second NBA championship that season, and it’s usually regarded as his best season. The Heat also won 66 games that season.

2007-2010ish was probably his “physical prime” ",
Analysis," 17-18 Bron. 82 games, 28/9/9 a game and 54/37/73 splits, 8 40 pt games in his playoff run and averaged 34/9/9, 3 of his 7 career buzzer beaters, and all this with the only consistent player on his team being klove. ",
Analysis," So, Lebron's defense has always been a subject of discussion, with opinions that range from he's not a good defender to he's the best defender of all time when he wants to. Obviously, extremes are always wrong, but the consensus is or should be that overall in his career he has been a great defender, probably in the tier below the goat level ones, peaking from 2008 to 2013, overall declining year after year from 2014 until 2018, with a monster, all time level defensive effort in the 3-1 come back against golden state.

This year, it's visible that his defense has resurged, thanks to a great defensive personnel, a defensive minded coach, and a renewed motivation to strike back after last year's struggles and just having a title contending team.

But exactly, how good has he been on defense? Well, the stats basically tell the story that the eye test would suggest: he's an extremely good defender who is probably less committed than the average player, which still puts him at a very very good, borderline all defensive level.

Let's see:
Advanced traditional: Def rtg: 105.5, 24th in the league, third on the lakers after AD and DH.
Defensive Win shares: 3.5, 7th in the league
DBPM: 1.7, 18th in the league
DRPM: 1.97, 4th in the league
Defensive RAPTOR: 93th in the league
DPIPM: 48th in the league

Now what really matters:
Defensive on/off: -8.8, 96% percentile. The lakers defend enormously worse when lebron is on the bench

Tracking stats: the tracking stats are where it's at. now these stats may appear strange, because they really paint a picture of a guy who is less active than most, but more useful than most.

The bad: Now, some people may know that, a stat that has a good correlation on the value of a defensive player, is the sheer amount of distance covered by that player during the length of a game, Lebron ranks 76th with 1.04 miles covered, which is pretty low considering that he is 15th in minutes per game. His average defensive speed is bottom of the league low, being higher than just Jeff Teague, DeAndre Jordan, Chris Paul and James Harden.

Lebron defends just 7.8 shots per game, and contests just 4.0 shots per game less than the vast majority of player who play at least 25 minutes

Now, the rest, which is equivalent to saying the good:

Using synergy: These playtypes are in order from most frequent to less frequent
Lebron: Overall defense: 94th percentile, EXCELLENT
Spotup: 88th percentile, excellent
P&R ball handler: 96th percentile, excellent
P&R ball handler (big defender) 27th percentile, below average
Isolation: 61th percentile, good
Handoff: 69th percentile, very good
Off screen: 73th percentile, very good
Post up: 93th percentile, excellent
P&R roll man: not enough plays to be ranked or rated, but just 0.556 ppp

As far as shot types, he's in the 90th percentile at guarding jumpers, 90th percentile at guarding shots around the rim which are not postups, and 95th percentile at guarding postups, just 34th percentile at guarding runners, which represent only the 5.8% of the shots he guards.

He's in the 78% percentile at guarding C&Ss, 80% at guarding dribble jumpers. As far as distance, he's in the 90th guarding shots at less than 17 feet, 92th at guarding 3s, the midrange is where he struggles, ranking in the 35th percentile

Hustle stats: Lebron ranks 78th (not percentile, just 78th) in deflections, 25th in loose balls recovered, 42th in charges drawn ",
Hot take,Jalen Brunson with the absolute carry job cements himself as the greatest Knick of all time ,
Hot take,Jalen Brunson has officially reached the Mount Rushmore of the All Time Greatest Knickerbockers ,
Hot take,JALEN BRUNSON IS THE BEST PG IN THE NBA…. SAY IT WITH US ,
Hot take,"While Leonard was amazing all series, no more so than on that shot, he doesn't get a chance to make it without the amazing work by Kyle Lowry throughout the game. Taking charges, forcing turnovers, key offensive rebounds: the little man was very, very big for Toronto. ",
Hot take,"Anthony Davis has no weaknesses defensively, legitimately one of the most versatile defenders ever. ",
Hot take,The hill I will die on is that Barkley was the 2nd best PF of all time and arguably a top 10 player simply because of his skill. ,
Hot take,"if he and Chet dont get injured in the next 4 years he is literally cake walking to top 10 all time. People are gonna be furious lmao. At worse, he gonna be a top 3 mvp candidate for the next 4 years stats wise and his team is already so beyond the best and they still gonna get talent in drafts if any other role players get injured or things become an issue. Idk how he dont get atleast 3 mvps, 3 rings, and 3 fmvps which is enough for top 7ish imo. We might get the what-if Curry scenario but without the choke job, true yearly individual dominance curry couldnt have bc of KD, and an even better front office. The only thing stopping it is critical injuries to sga or chet ",
Hot take,"He's lazy, most players are. He's incredibly wealthy and the desire is gone. Most of you out there would do the same. ",
Hot take,2016 Lebron is EASILY better than both Gannis and Jokic at their mvp peak,
Hot take,"Hot take: if you swallow the whistle and stop calling the flopping, the players will adapt and stop flopping.",
Hot take,"It IS truly a hot take: Shaq never got better at anything. He just got fat, and exactly at that point, him elbowing and fouling people started being attributed to ""just being big and overpowering and bullying defenders"". ",
Hot take, Spurs getting three Top 4 picks in a row including Wemby is pretty sus. ,
Hot take,The hall of fame lets to many players in.,
Hot take, Despite 3 MVPs and a chip Jokic is still underrated by the general public ,
Hot take," Today's game is crap. The no calls on traveling and illegal screens, along with no hand checking, make it too easy to score. We have a rookie with two 50-point games (51 and 49) and Bam Adebayo going for 83. ",
Hot take,Jordan wasn't beating Hakeem in a finals series if it had ever happened.,
Hot take," James Harden and Russell Westbrook had better careers and resumes than Dwayne Wade

My top 3 SG guards of all time Jordan. Kobe. Harden

And I got Russ in my top 10 all time PGs

They might not have rings but the peak of their primes was GOAT level ",
Hot take, JR Smith would’ve been a Kobe level superstar if he just stayed off the Henny. ,
Hot take, Jokic is massively overrated on reddit. His lack of defense at the most important defensive position drops his teams ceiling immensely.  ,
Hot take, Kobe was really good but hes wildly overrated. ,
Hot take," Kevin Garnett was a better Power Forward than Tim Duncan, he just played on a much worse team in his prime ",
Hot take," Anthony Edwards is a better player than Wemby. People have been so quick to throw Wemby in the Top 5 (or even Top 3 and almost exclusively just ahead of ANT in these convos, when ANT has led his his team to back to back WCFs, insane in clutch time, has improved yearly in almost every statistical category since entering the league and should be set to become the face of the league if he can take his team to the promised land. ",
Hot take, Shaq was carried throughout his career from Orlando to Boston. And people know it but don't want to admit it. ,
Hot take," Rudy Gobert’s skills aren’t what hinder his teams, but he’s still hinders his team ",
Hot take," My actual hot take, LeBron doesn’t make good teammates better, and only truly elevates role players

Guys like Kyrie, DWade, Chris Bosh, KLove, and AD didn’t become better when playing with LeBron and all saw better seasons outside of their time with him

Luka is also in this camp, but it’s different because he’s the best player on the team. It LeBron

LeBron is the the best floor raise ever, but isn’t a top 10 ceiling raiser because of how hyper specific his play style is ",
Hot take, Magic was a below average defender. And the fact that he has 0 all defense selections as a 6'9 pg is embarrassing. ,
Hot take, Dwayne Wade at his peak was just as good as Kobe at his peak and in the mid 2000s I’d rather have Wade. ,
Hot take,"n 2006 Shaq didn’t get enough credit for that championship. Yes D Wade put up crazy numbers in the finals and Shaq’s numbers weren’t great, but he was still Shaq. His gravity allowed Wade the freedom to be good as he was, he wouldn’t have been able to do it without Shaq. And that team doesn’t even make it to the finals without Shaq. If that trade never happens the Odom, Butler Wade team never even sniffs a finals. ",
Hot take, Derrick Rose was really over rated in his prime. People remember the highlight finishes but forget he’d go 22 and 6 shooting 10-24 from the field. ,
Hot take, Pau was the best players on the Lakers title teams ,
Hot take,"Lebron is only still playing to break some old records, stat pad a bit and get good footage and highlights for his documentary. He's not trying to win anymore championships. ",
Hot take, Steve Kerr is the most overrated coach in nba history ,
Hot take," Dwade and Bosh would have won a title in Miami even without LeBron in 2011

Not saying they would be as dominant but I think the way dwade was playing from 08-12 he would have definitely been a problem. They also would have more cap room to build a proper team around Wade& bosh ",
Hot take," Prime Shaq is the best basketball player ever. Yes, better than MJ, Lebron, Kobe, Magic, Wilt, etc…

I don’t think it’s close. Any era, any rules, any body - it holds.

Dude averaged 38/17/2/3 in the finals

I hate the Lakers ",
Hot take," Curry doesn't deserve that much credit for beating LeBron in the finals so much. He never outperformed LeBron and LeBron avarges more Points, Rebounds and assists, on top of playing better D.

Everytime he beat LeBron he has an advantage. 2015, Kyrie and love went down injuries. 2017 and 2018 he has a god squad.

And he was only best in the finals once in 2022. 2015-18 LeBron was better. 2019 Kawihi was better. And the only time he was the best player in the finals was against the weakest team he faced. ",
Hot take," Micheal Jordan’s career and stats were inflated to help sell basketball internationally, also that the league expansion and a watered down top heavy league was without a doubt responsible for most of his success ",
Hot take," Lebron is a Karl Malone that shoots more threes.

Their greatness are on similar level. ",
Hot take, Jordan and Kobe were both below average defenders for a large portion of their career but voters just kept giving them all nba defensive teams for basically no reason besides them having won it the last however many years. Both were very good for several seasons and built a reputation as great defenders that they didn’t deserve for most of their careers  ,
Hot take," The gap between Hakeem and David Robinson is wildly over stated because of one playoff series drastically influenced by a literal diva refusing guard him .

Robinson is closer to Hakeem from an overall player level than Hakeem is to bonafide top 10 guys ",
Hot take," LeBron was picked to be the ""best player in the league"" and the NBA has special treatment in place to uphold that perception. in reality he doesn't do anything spectacular that separates him from any other star in the league  ",
Hot take, hakeem is so overrated for his 1995 title run ,
Hot take," My hot take is that shaq is the most overrated top 10 caliber player. For a man who is universally deemed unstoppable, he's sure been stopped quite often. His finals stats were ridiculous but most of his comp was extremely mediocre. ",
Hot take,"People romanticize Kobe because he died. He was never as good as Lebron or Jordan, its not really up for debate",
Hot take," If the Thunder traded Stephen Adams and kanter for Dwight Howard

The Thunder become a dynasty ",
Hot take," Wilt would've bodied the entire league if they let him get away with even half of what Shaq got away with. Shaq is undoubtedly strong, but he also got away with an offensive foul on almost every play. ",
Hot take, Chris Paul a top 5 pg oat EASILY,
Hot take, Dame lillard is not even that good. He seemed better than he was on Portland because he was getting a lot of ball and shots on a not great team. He’s an all star but doesn’t influence winning that much and is nowhere near top 75 ,
Hot take," KG was better than Duncan. He just got drafted to the worst possible situation for a star in league history. If the two switched places San Antonio would’ve been even better, and Duncan wouldn’t have a ring. ",
Hot take, James in Houston faced far more and tougher competition than guys like Nash & Barkley & Malone ,
Hot take,Kobe wasn’t top 3 before he died,
Hot take," If Jordan Poole was on the lakers instead of LBJ, the Luka Poole backcourt duo would 3peat ",
Hot take,Kobe is higher than Duncan all time,
Hot take,Luka is not a winning player. He’s too ball dominant and not a good enough defender to get a ring. While Dallas perhaps could have gotten a better return for him Nico was right that they weren’t going to win a chip with him.,
Hot take,"There are some teams with bad benches, but I think most teams have decent talent on their bench and the difference is coaching.",
Hot take,"""Player Empowerment"" was a failure and watching that diva behavior of forcing their way to teams and quitting on franchises really hurt the image of the league to me. Players have to be on bad teams sometimes for the league to stay (reasonably) competitively balanced and entertaining over the long term.",
Hot take, Kevin Durant is the most overrated player in history ,
Hot take, Magic Johnson has the biggest gap in his position. ,
Hot take, Bulls went 55-27 the year Jordan first retired. Cavaliers had 42 less wins the year after the Decision. ,
Hot take, Stephen Curry isn't anywhere near top 10 most influential players of all time ,
Hot take, Swap Kobe for TMac and the Lakers still win 3 rings ‘00-‘02 ,
Hot take, Dwight Howard had a stronger and better NBA career than Iverson. ,
Hot take," If Jordan hadn't been an asshole and a bully towards Jerry Krause, they would've won more championships together. ",
Hot take, kareem is on the same level as jordan and lebron he should be talked abt just as equally with the other two when talking abt the goat ,
Hot take, Jason Kidd and Rajon Rondo would be very average point guards in today’s game ,
Hot take," James harden is one of the greatest scorers ever seen and has had a significant impact on advancing the game. As much as the old heads hate his play and says ""he's a flopper"" ""he shoots too many 3s"" ""the stepback is a travel"". I think many of them are bitter that their heroes did not have the same skill as today's players ",
Hot take, Kobe bryant is the most overrated nba player Of all time and his “mamba mentality” is just a stupid excuse to be a ball hog ,
Hot take, Kobe’s better than bron ,
